author,published,summary,id,is_com_or_sub,link,header,title
Josef Graf(Josef Graf),2022-05-09 09:55:57+00:00,"Zum x-ten Mal machten die Joker der Luzerner den Unterschied aus. Trainer Mario Frick macht schlichtweg einen Superjob. Beim Restprogramm der Beteiligten ist es sehr gut möglich, dass Luzern am Schluss nicht mehr auf dem Barrageplatz liegt. GC wird wohl kaum mehr punkten, weshalb der FCL noch mindestens 4 Punkte braucht, was durchaus machbar erscheint.",https://www.srf.ch/sport/fussball/super-league/4-0-heimsieg-gegen-servette-luzern-mindestens-in-der-barrage-und-nur-noch-3-punkte-hinter-gc,com,https://www.srf.ch/sport/fussball/super-league/4-0-heimsieg-gegen-servette-luzern-mindestens-in-der-barrage-und-nur-noch-3-punkte-hinter-gc,,
Stefan Gisler(GiJaBra),2022-05-08 21:22:17+00:00,"Luzern überrascht nun doch noch, wäre cool wenn sie GC noch abfangen würden.",https://www.srf.ch/sport/fussball/super-league/4-0-heimsieg-gegen-servette-luzern-mindestens-in-der-barrage-und-nur-noch-3-punkte-hinter-gc,com,https://www.srf.ch/sport/fussball/super-league/4-0-heimsieg-gegen-servette-luzern-mindestens-in-der-barrage-und-nur-noch-3-punkte-hinter-gc,,
Ueli Hugetober (Ueli.67),2022-05-09 07:02:54+00:00,"Nein, wäre es nicht!",https://www.srf.ch/sport/fussball/super-league/4-0-heimsieg-gegen-servette-luzern-mindestens-in-der-barrage-und-nur-noch-3-punkte-hinter-gc,com,https://www.srf.ch/sport/fussball/super-league/4-0-heimsieg-gegen-servette-luzern-mindestens-in-der-barrage-und-nur-noch-3-punkte-hinter-gc,,
Francis Waeber(Francis Waeber),2022-05-08 17:34:46+00:00,"Wau, das war nicht zu erwarten. Wie schonmal geschrieben, ist auch Sion keineswegs weg vom ""Haken"". Einmal mehr gilt: Da soll nochmal eine/r behaupten die Liga sei ""langweilig"".....;-))",https://www.srf.ch/sport/fussball/super-league/4-0-heimsieg-gegen-servette-luzern-mindestens-in-der-barrage-und-nur-noch-3-punkte-hinter-gc,com,https://www.srf.ch/sport/fussball/super-league/4-0-heimsieg-gegen-servette-luzern-mindestens-in-der-barrage-und-nur-noch-3-punkte-hinter-gc,,
Marco Meier (ma.meier),2022-05-08 19:52:40+00:00,"Die Spitze war langweilig in den letzten Jahren! Aber diese Saison ist jetz wirklich sehr spannend und überraschend, das gefällt.",https://www.srf.ch/sport/fussball/super-league/4-0-heimsieg-gegen-servette-luzern-mindestens-in-der-barrage-und-nur-noch-3-punkte-hinter-gc,com,https://www.srf.ch/sport/fussball/super-league/4-0-heimsieg-gegen-servette-luzern-mindestens-in-der-barrage-und-nur-noch-3-punkte-hinter-gc,,
Matthias Zimmermann (_schwuppidup_),2022-05-08 19:53:40+00:00,"Richtig. Ber huptsache, man muss völlig ungezwungen, aber krampfhaft den modus ändern...",https://www.srf.ch/sport/fussball/super-league/4-0-heimsieg-gegen-servette-luzern-mindestens-in-der-barrage-und-nur-noch-3-punkte-hinter-gc,com,https://www.srf.ch/sport/fussball/super-league/4-0-heimsieg-gegen-servette-luzern-mindestens-in-der-barrage-und-nur-noch-3-punkte-hinter-gc,,
Francis Waeber (Francis Waeber),2022-05-08 21:42:02+00:00,@ Zimmermann - Hää???....;-)),https://www.srf.ch/sport/fussball/super-league/4-0-heimsieg-gegen-servette-luzern-mindestens-in-der-barrage-und-nur-noch-3-punkte-hinter-gc,com,https://www.srf.ch/sport/fussball/super-league/4-0-heimsieg-gegen-servette-luzern-mindestens-in-der-barrage-und-nur-noch-3-punkte-hinter-gc,,
Daniel Hüppin (Daniel Hüppin),2022-05-09 05:14:03+00:00,"@Francis Waeber: Was genau war nicht zu erwarten? Also dass Luzern gegen Servette gewinnt, ist für mich keine grosse Überraschung, wenn man die Resultate der beiden Mannschaften betrachtet. Servette hat zuletzt doch eine kleine Niederlagenserie hingelegt. Die können wohl froh sein, dass ihr Polster genug gross ist, um nicht auch noch in Gefahr zu geraten, in die Barrage zu müssen.",https://www.srf.ch/sport/fussball/super-league/4-0-heimsieg-gegen-servette-luzern-mindestens-in-der-barrage-und-nur-noch-3-punkte-hinter-gc,com,https://www.srf.ch/sport/fussball/super-league/4-0-heimsieg-gegen-servette-luzern-mindestens-in-der-barrage-und-nur-noch-3-punkte-hinter-gc,,
Dennis Gutknecht(Federer_IST_Gott),2022-05-08 17:19:19+00:00,"Damit ist eines klar:Wer auch immer in die Barrage kommt, DAS Duell wird packend!",https://www.srf.ch/sport/fussball/super-league/4-0-heimsieg-gegen-servette-luzern-mindestens-in-der-barrage-und-nur-noch-3-punkte-hinter-gc,com,https://www.srf.ch/sport/fussball/super-league/4-0-heimsieg-gegen-servette-luzern-mindestens-in-der-barrage-und-nur-noch-3-punkte-hinter-gc,,
Dorothee Meili(DoX.98),2022-04-24 20:27:44+00:00,"Also, ich will ja hier die Männerrunde nicht weiter stören, aber kann mir trotzdem noch einer erklären, was es mit diesem schwarzen BH auf sich hat. Warum ich (nicht nur beim Sport) trotz einiger Reduktion in diesen Bereichen einen trage, weiss ich, aber da? Sind da irgendwo Kontroll-Chips drin oder sonst was zielführendes? - Danke für eine mögliche Nachhilfe und freundliche Grüsse",https://www.srf.ch/sport/fussball/super-league/basel-schlaegt-luzern-mit-3-0-spielverderber-stocker-fcz-meisterparty-muss-noch-warten,com,https://www.srf.ch/sport/fussball/super-league/basel-schlaegt-luzern-mit-3-0-spielverderber-stocker-fcz-meisterparty-muss-noch-warten,,
Andreas Rudin (ran),2022-04-24 21:27:38+00:00,Hier gehts zur Bettlektüre ;-) :https://hinterderlinie.com/2015/08/30/herren-bh-mit-quasimodo-effekt-das-tracking-system-von-gpsports/,https://www.srf.ch/sport/fussball/super-league/basel-schlaegt-luzern-mit-3-0-spielverderber-stocker-fcz-meisterparty-muss-noch-warten,com,https://www.srf.ch/sport/fussball/super-league/basel-schlaegt-luzern-mit-3-0-spielverderber-stocker-fcz-meisterparty-muss-noch-warten,,
Florian Judah (F. Judah),2022-04-24 22:37:14+00:00,ich glaube das ist damit die muskeln der bierbrüste nicht kalt bekommen,https://www.srf.ch/sport/fussball/super-league/basel-schlaegt-luzern-mit-3-0-spielverderber-stocker-fcz-meisterparty-muss-noch-warten,com,https://www.srf.ch/sport/fussball/super-league/basel-schlaegt-luzern-mit-3-0-spielverderber-stocker-fcz-meisterparty-muss-noch-warten,,
Noel Menzi (N.Menzi),2022-04-25 03:09:58+00:00,"Durch Sensoren werden viele Daten gemessen, u.a. Laufkilometer, Schnelligkeit, Beweglichkeit, Positionstreue und hilft um individuelle Trainingspläne mach Defiziten zu ermöglichen.",https://www.srf.ch/sport/fussball/super-league/basel-schlaegt-luzern-mit-3-0-spielverderber-stocker-fcz-meisterparty-muss-noch-warten,com,https://www.srf.ch/sport/fussball/super-league/basel-schlaegt-luzern-mit-3-0-spielverderber-stocker-fcz-meisterparty-muss-noch-warten,,
Matthias Zimmermann (_schwuppidup_),2022-04-25 04:02:39+00:00,"Ja, damit werden seit einigen Jahren Leistungsdaten von Spielern gemessen.",https://www.srf.ch/sport/fussball/super-league/basel-schlaegt-luzern-mit-3-0-spielverderber-stocker-fcz-meisterparty-muss-noch-warten,com,https://www.srf.ch/sport/fussball/super-league/basel-schlaegt-luzern-mit-3-0-spielverderber-stocker-fcz-meisterparty-muss-noch-warten,,
Reinhard Grunder (Reinhard Grunder),2022-04-25 06:19:25+00:00,"Auch Männer haben Brustwarzen und die können sich bei Sport oder Arbeit durch die Reibung an einem verschwinden Trikot entzünden, was, kenne es aus eigener Erfahrung, verdammt schmerzhaft ist.",https://www.srf.ch/sport/fussball/super-league/basel-schlaegt-luzern-mit-3-0-spielverderber-stocker-fcz-meisterparty-muss-noch-warten,com,https://www.srf.ch/sport/fussball/super-league/basel-schlaegt-luzern-mit-3-0-spielverderber-stocker-fcz-meisterparty-muss-noch-warten,,
Dorothee Meili (DoX.98),2022-04-25 08:00:17+00:00,"Oh, vielen Dank: gerade wird mir bewusst, wie intensiv Sportberichte und -kommentare gelesen werden; gerade und v.a. in dem Alterszentrum, in dem ich etwas aushelfe. ""gutes Thema in diesen sonst so belastenden Zeiten"" (m92). Nun geht die Diskussion über zum Thema: ""was, wie und v.a. wo messen Frauen??""; damit Einfälle, die nahe an einer Freudschen Couch sind, ungestört sein dürfen, mache ich auf stiller Has: ""löht's lo laufe; und Züni näh!"" mfGr ☺☺☺",https://www.srf.ch/sport/fussball/super-league/basel-schlaegt-luzern-mit-3-0-spielverderber-stocker-fcz-meisterparty-muss-noch-warten,com,https://www.srf.ch/sport/fussball/super-league/basel-schlaegt-luzern-mit-3-0-spielverderber-stocker-fcz-meisterparty-muss-noch-warten,,
Joachim Bretschneider(Jupp),2022-04-24 19:22:30+00:00,Die Freude des 100. Tores gönne ich Vale von Herzen. Da sieht man wie er mit Leib und Seele dabei ist. Das Spiel hätte auch 4:4 ausgehen können. Da hat der FCB noch viel Arbeit vor sich. Der 2. Platz weiter gefestigt. Gut so.,https://www.srf.ch/sport/fussball/super-league/basel-schlaegt-luzern-mit-3-0-spielverderber-stocker-fcz-meisterparty-muss-noch-warten,com,https://www.srf.ch/sport/fussball/super-league/basel-schlaegt-luzern-mit-3-0-spielverderber-stocker-fcz-meisterparty-muss-noch-warten,,
jean-claude albert heusser (jeani),2022-04-25 06:21:57+00:00,Hoffe der FCB gibt dem FCZ am Sonntag auf den Sack und schickt ihn zur Meister Feier in die Limmatstadt zurück!,https://www.srf.ch/sport/fussball/super-league/basel-schlaegt-luzern-mit-3-0-spielverderber-stocker-fcz-meisterparty-muss-noch-warten,com,https://www.srf.ch/sport/fussball/super-league/basel-schlaegt-luzern-mit-3-0-spielverderber-stocker-fcz-meisterparty-muss-noch-warten,,
Dieter Hansen(Dieter H.),2022-04-24 19:02:00+00:00,"Hochpeinlich das Interview von Frick. Der SRF-Kommentator muss ihm natürlich noch die Worte in den Mund legen (Tavares). Dann ""will er gar nicht darüber sprechen"" und will im gleichen Atemzug ""auch gar nicht vom Basel Bonus sprechen""......Tatsache ist, seine Spieler hatten genug Chancen, um das Spiel zu wenden. Aber wenn man die Chancen nicht macht, ist dann halt der Basel Bonus schuld.....",https://www.srf.ch/sport/fussball/super-league/basel-schlaegt-luzern-mit-3-0-spielverderber-stocker-fcz-meisterparty-muss-noch-warten,com,https://www.srf.ch/sport/fussball/super-league/basel-schlaegt-luzern-mit-3-0-spielverderber-stocker-fcz-meisterparty-muss-noch-warten,,
Dieter Hansen(Dieter H.),2022-04-24 18:56:48+00:00,"Schiedsrichter Schnyder war, wie in den letzten Spielen, in welchen er ein Spiel des FCB gepfiffen hat, jeweils der 12. Mann des Gegners. Unglaublich einseitig zugunsten der Luzerner gepfiffen. Beim Penalty für Luzern wird Abubakar leicht berührt=Penalty. Bei der Situation mit Esposito genau gleich=kein Penalty. Vom SRF Bericht sprechen wir schon gar nicht. Wie immer Anti-Basel. Der FCB hätte noch 3-4 Tore mehr schiessen können, aber dies wurde weder erwähnt noch wurden die Chancen gezeigt.",https://www.srf.ch/sport/fussball/super-league/basel-schlaegt-luzern-mit-3-0-spielverderber-stocker-fcz-meisterparty-muss-noch-warten,com,https://www.srf.ch/sport/fussball/super-league/basel-schlaegt-luzern-mit-3-0-spielverderber-stocker-fcz-meisterparty-muss-noch-warten,,
Martin Gebauer (Mäde),2022-04-24 19:57:52+00:00,"Machen sie sich eine warme Honigmilch, dazu etwas Entspannunsmusik und dann sanft wegschlummern. Morgen sieht die Welt wieder freundlicher aus. Cu im Joggeli, zur FCZ Meistersause. Züri isch ois und am 1. Mai auch Basel.",https://www.srf.ch/sport/fussball/super-league/basel-schlaegt-luzern-mit-3-0-spielverderber-stocker-fcz-meisterparty-muss-noch-warten,com,https://www.srf.ch/sport/fussball/super-league/basel-schlaegt-luzern-mit-3-0-spielverderber-stocker-fcz-meisterparty-muss-noch-warten,,
Dieter Hansen (Dieter H.),2022-04-24 20:10:03+00:00,"@Gebauer: Danke, aber nach einem 3:0 Sieg kann ich gut auch ohne (Weicheier-) Hilfsmittel einschlafen....",https://www.srf.ch/sport/fussball/super-league/basel-schlaegt-luzern-mit-3-0-spielverderber-stocker-fcz-meisterparty-muss-noch-warten,com,https://www.srf.ch/sport/fussball/super-league/basel-schlaegt-luzern-mit-3-0-spielverderber-stocker-fcz-meisterparty-muss-noch-warten,,
Christoph Wyss (Whitee),2022-04-24 23:08:27+00:00,Bevor Basel irgendwelche Südkurvemöchtegerns ghröt goht eher d Welt unter!,https://www.srf.ch/sport/fussball/super-league/basel-schlaegt-luzern-mit-3-0-spielverderber-stocker-fcz-meisterparty-muss-noch-warten,com,https://www.srf.ch/sport/fussball/super-league/basel-schlaegt-luzern-mit-3-0-spielverderber-stocker-fcz-meisterparty-muss-noch-warten,,
Martin Gebauer (Mäde),2022-04-25 09:53:37+00:00,"@Wyss: Die Südkurve wird mit 4 Extrazügen anreisen und die Bisel Fans aus dem Muttenzerkürvli zum Schweigen bringen. Wir werden euch zeigen was es heisst Fan zu sein. Ihr kriegt auch eine zweite Chance, sich als würdiger Verlierer zu zeigen. 2006 habt ihr völlig versagt, da musste man als Zürcher Angst um sein Leben haben.",https://www.srf.ch/sport/fussball/super-league/basel-schlaegt-luzern-mit-3-0-spielverderber-stocker-fcz-meisterparty-muss-noch-warten,com,https://www.srf.ch/sport/fussball/super-league/basel-schlaegt-luzern-mit-3-0-spielverderber-stocker-fcz-meisterparty-muss-noch-warten,,
Stefan Zürcher (Bärner89),2022-04-25 10:19:28+00:00,@Gebauer das mussten viele in Zürich auch schon wegen ihrer geliebten Südkurve und nein nicht nur wegen den Pyro Sachen. Aber ich weiss da stösst man bei ihnen auf Taube Ohren.,https://www.srf.ch/sport/fussball/super-league/basel-schlaegt-luzern-mit-3-0-spielverderber-stocker-fcz-meisterparty-muss-noch-warten,com,https://www.srf.ch/sport/fussball/super-league/basel-schlaegt-luzern-mit-3-0-spielverderber-stocker-fcz-meisterparty-muss-noch-warten,,
Thibaut Siegrist (Thibautsiegrist),2022-04-25 10:51:04+00:00,"@Gebauer Toll dass der FCZ den Baslern zeigen will, was es heisst Fan zu sein. Dabei ist es scho komisch, dass das Letzi und die Südkurve letzte Saison spärlich gefüllt war. Doch wenn plötzlich der Erfolg da ist kommt allen Erfolgsfans der FCZ wieder in den Sinn . Also von richtigen fans sollten sie beim FCZ sicher nicht sprechen. Zudem wird der 12. Mann am Sonntag euch nach Hause schicken!",https://www.srf.ch/sport/fussball/super-league/basel-schlaegt-luzern-mit-3-0-spielverderber-stocker-fcz-meisterparty-muss-noch-warten,com,https://www.srf.ch/sport/fussball/super-league/basel-schlaegt-luzern-mit-3-0-spielverderber-stocker-fcz-meisterparty-muss-noch-warten,,
Dieter Hansen (Dieter H.),2022-04-25 10:54:04+00:00,"@Gabauer: Ich habe eher Angst vor den FCZ-Fans(?), deren Kompetenz die Petarden- und Raketenwürfe ins gegnerische Publikum sind.....",https://www.srf.ch/sport/fussball/super-league/basel-schlaegt-luzern-mit-3-0-spielverderber-stocker-fcz-meisterparty-muss-noch-warten,com,https://www.srf.ch/sport/fussball/super-league/basel-schlaegt-luzern-mit-3-0-spielverderber-stocker-fcz-meisterparty-muss-noch-warten,,
Martin Gebauer (Mäde),2022-04-25 12:15:21+00:00,"Einige Südkürvler haben Mist gebaut, als sie versuchten Fackeln in die Nordkurve des GC Niederhasli zu werfen. Etliche wurden erwischt und sie werden sicher entsprechend bestraft. Diese Aktion wird den FCZ (zurecht) 500'000.- kosten. Was sich aber 1000e FCBler 2006 geleistet haben, war von grösserem Kaliber. Wir hatten damals Angst, dass unser letztes Stündlein geschlagen hat. Eine solche Aggressivität und Brutalität habe ich vorher und nachher nie mehr erlebt und ich habe einiges gesehen.",https://www.srf.ch/sport/fussball/super-league/basel-schlaegt-luzern-mit-3-0-spielverderber-stocker-fcz-meisterparty-muss-noch-warten,com,https://www.srf.ch/sport/fussball/super-league/basel-schlaegt-luzern-mit-3-0-spielverderber-stocker-fcz-meisterparty-muss-noch-warten,,
Ruedi Selig(RuediS),2022-04-24 18:51:46+00:00,"Grauenhaft,  die neue Mode mit den männlichen Sport-BHs.. Sieht wirklich sehr unvorteilhaft aus. Dass man da noch das Trikot ausziehen möchte nach einem Tor, erscheint mir darum doppelt unsinnig..",https://www.srf.ch/sport/fussball/super-league/basel-schlaegt-luzern-mit-3-0-spielverderber-stocker-fcz-meisterparty-muss-noch-warten,com,https://www.srf.ch/sport/fussball/super-league/basel-schlaegt-luzern-mit-3-0-spielverderber-stocker-fcz-meisterparty-muss-noch-warten,,
Hans H. Hirt (AndromedaAxiomis),2022-04-24 19:19:12+00:00,"Na, ja, wenn man sonst keine Probleme hat.",https://www.srf.ch/sport/fussball/super-league/basel-schlaegt-luzern-mit-3-0-spielverderber-stocker-fcz-meisterparty-muss-noch-warten,com,https://www.srf.ch/sport/fussball/super-league/basel-schlaegt-luzern-mit-3-0-spielverderber-stocker-fcz-meisterparty-muss-noch-warten,,
Domenico Mozzillo(Mozzy),2022-04-24 18:06:09+00:00,Es ist eine Schande für den FCB einen solchen Kapitän zu haben. Alles andere als ein Vorbild! Nach einen Torerfolg das Trikot vor dem Gästesektor auszuziehen! Schade für unsere zukünftigen Jungs und Mädels welche diesen Sport lieben :-(,https://www.srf.ch/sport/fussball/super-league/basel-schlaegt-luzern-mit-3-0-spielverderber-stocker-fcz-meisterparty-muss-noch-warten,com,https://www.srf.ch/sport/fussball/super-league/basel-schlaegt-luzern-mit-3-0-spielverderber-stocker-fcz-meisterparty-muss-noch-warten,,
Dieter Hansen (Dieter H.),2022-04-24 18:50:56+00:00,@Mozzillo: Und schon wieder ein Stocker-Hater.....,https://www.srf.ch/sport/fussball/super-league/basel-schlaegt-luzern-mit-3-0-spielverderber-stocker-fcz-meisterparty-muss-noch-warten,com,https://www.srf.ch/sport/fussball/super-league/basel-schlaegt-luzern-mit-3-0-spielverderber-stocker-fcz-meisterparty-muss-noch-warten,,
Daniel Flückiger (Daniel Flückiger),2022-04-24 18:58:17+00:00,"Er war vor allem fast so dumm, es nach dem zweiten noch einmal zu tun. Toller Fussballer, der Stocker. Aber oberhalb der Beine happerts irgendwie…",https://www.srf.ch/sport/fussball/super-league/basel-schlaegt-luzern-mit-3-0-spielverderber-stocker-fcz-meisterparty-muss-noch-warten,com,https://www.srf.ch/sport/fussball/super-league/basel-schlaegt-luzern-mit-3-0-spielverderber-stocker-fcz-meisterparty-muss-noch-warten,,
Christoph Wyss (Whitee),2022-04-24 23:11:47+00:00,"Mal zu Info. er hat direkt neben dem Tor gejubelt. Der Gàstesektor ist wesentlich weiter aussen, Aber Hauptsache wegen nix rumhaten. Es wird immer lächerlicher!",https://www.srf.ch/sport/fussball/super-league/basel-schlaegt-luzern-mit-3-0-spielverderber-stocker-fcz-meisterparty-muss-noch-warten,com,https://www.srf.ch/sport/fussball/super-league/basel-schlaegt-luzern-mit-3-0-spielverderber-stocker-fcz-meisterparty-muss-noch-warten,,
Klaus Estermann(Klaus Estermann),2022-04-24 18:01:43+00:00,Trikotausziehen finde ich so oder so eine Unsitte. Seit die Fussballer darunter noch diese komischen Büstenhalter tragen wirkt das Ganze noch lächerlicher.,https://www.srf.ch/sport/fussball/super-league/basel-schlaegt-luzern-mit-3-0-spielverderber-stocker-fcz-meisterparty-muss-noch-warten,com,https://www.srf.ch/sport/fussball/super-league/basel-schlaegt-luzern-mit-3-0-spielverderber-stocker-fcz-meisterparty-muss-noch-warten,,
Dieter Hansen (Dieter H.),2022-04-24 18:50:24+00:00,"@Estermann: Er hat ja dafür auch zurecht die gelbe Karte bekommen. Aber weil es natürlich Stocker war, müssen sie das ganz speziell erwähnen.....",https://www.srf.ch/sport/fussball/super-league/basel-schlaegt-luzern-mit-3-0-spielverderber-stocker-fcz-meisterparty-muss-noch-warten,com,https://www.srf.ch/sport/fussball/super-league/basel-schlaegt-luzern-mit-3-0-spielverderber-stocker-fcz-meisterparty-muss-noch-warten,,
Lars Bossi(GetOnMyKalzo),2022-04-24 17:20:03+00:00,"Basel wird alles daran setzen, dass Zürich nicht im Joggeli Meister wird ;)",https://www.srf.ch/sport/fussball/super-league/basel-schlaegt-luzern-mit-3-0-spielverderber-stocker-fcz-meisterparty-muss-noch-warten,com,https://www.srf.ch/sport/fussball/super-league/basel-schlaegt-luzern-mit-3-0-spielverderber-stocker-fcz-meisterparty-muss-noch-warten,,
Roland Wegner(Rammstein),2022-04-24 17:19:09+00:00,Entschuldigung: Schnyder nicht Schnydrig.,https://www.srf.ch/sport/fussball/super-league/basel-schlaegt-luzern-mit-3-0-spielverderber-stocker-fcz-meisterparty-muss-noch-warten,com,https://www.srf.ch/sport/fussball/super-league/basel-schlaegt-luzern-mit-3-0-spielverderber-stocker-fcz-meisterparty-muss-noch-warten,,
Silas Thommen(Sili der Löli),2022-04-24 17:18:50+00:00,Hoffentlich kann der FCB zuhause gegen den zukünftigen Meister noch seine Ehre retten.(soweit sie noch zu retten ist) Ich hoffe auf viele Tore am Tag der Arbeit.,https://www.srf.ch/sport/fussball/super-league/basel-schlaegt-luzern-mit-3-0-spielverderber-stocker-fcz-meisterparty-muss-noch-warten,com,https://www.srf.ch/sport/fussball/super-league/basel-schlaegt-luzern-mit-3-0-spielverderber-stocker-fcz-meisterparty-muss-noch-warten,,
Roland Wegner(Rammstein),2022-04-24 17:18:08+00:00,"Unglaublich, dass Tavares nicht vom Platz fliegt! Wenn man die Leistungen der SR Bieri und Schärer vom Samstag betrachtet und nun heute SR Schydrig analysiert, weiss man, warum  international fast keine SR aufgeboten werden. Aber viel Zeit über einen unsäglich schlechten neuen Modus verplämpern anstelle diese Zeit in Aus- und Weiterbildung für Spielleiter investieren!",https://www.srf.ch/sport/fussball/super-league/basel-schlaegt-luzern-mit-3-0-spielverderber-stocker-fcz-meisterparty-muss-noch-warten,com,https://www.srf.ch/sport/fussball/super-league/basel-schlaegt-luzern-mit-3-0-spielverderber-stocker-fcz-meisterparty-muss-noch-warten,,
Dieter Hansen (Dieter H.),2022-04-24 18:48:54+00:00,@Wegner: Die Erklärung ist ganz einfach. Schnyder hat Tavares für nichts die erste gelbe Karte gesehen und hat dann Gnade vor Recht walten lassen. Eigentlich hat er sich selber in diese unangenehme Situation gebracht....,https://www.srf.ch/sport/fussball/super-league/basel-schlaegt-luzern-mit-3-0-spielverderber-stocker-fcz-meisterparty-muss-noch-warten,com,https://www.srf.ch/sport/fussball/super-league/basel-schlaegt-luzern-mit-3-0-spielverderber-stocker-fcz-meisterparty-muss-noch-warten,,
Tom Lauper (Tom Lauper),2022-04-24 18:51:15+00:00,Ja war klar gelb/rot. Genauso klar war das Foul an Esposito auch wenn SRF das mal wieder anders sieht.Gegner erwischt ihn 3 Man in drr Hacke. Wieso kommt da der VAR nicht?,https://www.srf.ch/sport/fussball/super-league/basel-schlaegt-luzern-mit-3-0-spielverderber-stocker-fcz-meisterparty-muss-noch-warten,com,https://www.srf.ch/sport/fussball/super-league/basel-schlaegt-luzern-mit-3-0-spielverderber-stocker-fcz-meisterparty-muss-noch-warten,,
Andre Da Silva (DaSilva),2022-04-24 19:00:27+00:00,"@Hansen wirklich, dies ist ihr krampfhafter Versuch diesen riesen Fehlentscheid zu rechtfertigen?",https://www.srf.ch/sport/fussball/super-league/basel-schlaegt-luzern-mit-3-0-spielverderber-stocker-fcz-meisterparty-muss-noch-warten,com,https://www.srf.ch/sport/fussball/super-league/basel-schlaegt-luzern-mit-3-0-spielverderber-stocker-fcz-meisterparty-muss-noch-warten,,
Daniel Flückiger (Daniel Flückiger),2022-04-24 19:02:48+00:00,"Das pauschale SFL-Schirigeheul ist nichts anderes als der Ausdruck der Charakterschwäche schlechter Verlierer. Wo gearbeitet wird, passiert auch mal ein Fehler. Alles ist deshalb längst nicht immer schlecht. Ich bin jedenfalls dankbar für jeden, der sich Woche für Woche für ein ungenügendes Gehalt zum Idioten der Frustrierten macht. Und wems nicht passt, der soll doch selber ran.",https://www.srf.ch/sport/fussball/super-league/basel-schlaegt-luzern-mit-3-0-spielverderber-stocker-fcz-meisterparty-muss-noch-warten,com,https://www.srf.ch/sport/fussball/super-league/basel-schlaegt-luzern-mit-3-0-spielverderber-stocker-fcz-meisterparty-muss-noch-warten,,
Martin Gebauer (Mäde),2022-04-24 20:06:06+00:00,"@Hansen: Reklamieren ist nicht nichts und zieht, wenn es ein gewisses Mass überschreitet eine Gelbe nach sich. Die zweite Gelbe ist glasklar (eigentlich könnte man auch eine direkte Rote geben). Ein extremer Fehlentscheid. Der Penalty war auch klar, auch wenn sich der Luzerner theatralisch fallen lässt. Basel das schlechtere Team, Luzern extrem ineffizient.",https://www.srf.ch/sport/fussball/super-league/basel-schlaegt-luzern-mit-3-0-spielverderber-stocker-fcz-meisterparty-muss-noch-warten,com,https://www.srf.ch/sport/fussball/super-league/basel-schlaegt-luzern-mit-3-0-spielverderber-stocker-fcz-meisterparty-muss-noch-warten,,
Simon Hess(Simi88),2022-04-24 17:15:36+00:00,"Die nicht gelb-rote Karte gegen Tavares ist einfach nur lächerlich. Luzern hätte heute ein Punkt mehr als verdient, aber leider die Chance nicht genutzt.",https://www.srf.ch/sport/fussball/super-league/basel-schlaegt-luzern-mit-3-0-spielverderber-stocker-fcz-meisterparty-muss-noch-warten,com,https://www.srf.ch/sport/fussball/super-league/basel-schlaegt-luzern-mit-3-0-spielverderber-stocker-fcz-meisterparty-muss-noch-warten,,
Pascal Feigenwinter (Pascal.),2022-04-24 19:03:00+00:00,"Luzern hat es selbst verkackt, 18 Schüsse und kein Tor. Ausserdem hat Schnyder generell viel Fehler gemacht heute. Ich möchte noch ans Hinspiel erinnern, wo zwei Schläge gegen den Kopf und schliesslich der Frust-Bodycheck von Schürpf gegen Lang von Fähndrich nicht geahndet wurden. Für mich hätte er alle drei Aktionen mit direkt Rot bestrafen müssen. Dabei ganz ganz sicher Pascal Schürpf, weil er Lang nach seinem Abspiel Knockout checkt.Sehe daher das Schiri-Geheule gar nicht.",https://www.srf.ch/sport/fussball/super-league/basel-schlaegt-luzern-mit-3-0-spielverderber-stocker-fcz-meisterparty-muss-noch-warten,com,https://www.srf.ch/sport/fussball/super-league/basel-schlaegt-luzern-mit-3-0-spielverderber-stocker-fcz-meisterparty-muss-noch-warten,,
Martin Gebauer (Mäde),2022-04-24 20:07:24+00:00,Luzern hatte es in den eigenen Füssen. Selber schuld wenn man aus fast 30 Abschlüssen kein Tor zustande bringt.,https://www.srf.ch/sport/fussball/super-league/basel-schlaegt-luzern-mit-3-0-spielverderber-stocker-fcz-meisterparty-muss-noch-warten,com,https://www.srf.ch/sport/fussball/super-league/basel-schlaegt-luzern-mit-3-0-spielverderber-stocker-fcz-meisterparty-muss-noch-warten,,
Stefan Gisler(GiJaBra),2022-04-24 17:08:18+00:00,"Gut für Zürich nun können die den Titel in Basel feiern, wird umso härter für den FCB, wäre dann schon fast eine Demütigung,",https://www.srf.ch/sport/fussball/super-league/basel-schlaegt-luzern-mit-3-0-spielverderber-stocker-fcz-meisterparty-muss-noch-warten,com,https://www.srf.ch/sport/fussball/super-league/basel-schlaegt-luzern-mit-3-0-spielverderber-stocker-fcz-meisterparty-muss-noch-warten,,
Samuel Schmid (d-o),2022-04-24 17:16:30+00:00,Seien sie noch nicht so sicher,https://www.srf.ch/sport/fussball/super-league/basel-schlaegt-luzern-mit-3-0-spielverderber-stocker-fcz-meisterparty-muss-noch-warten,com,https://www.srf.ch/sport/fussball/super-league/basel-schlaegt-luzern-mit-3-0-spielverderber-stocker-fcz-meisterparty-muss-noch-warten,,
Samuel Schmid (d-o),2022-04-24 17:18:13+00:00,"Wenn Basel dann noch gewinnt, dann werde ich sie für diesen Kommentar auslachen!!!",https://www.srf.ch/sport/fussball/super-league/basel-schlaegt-luzern-mit-3-0-spielverderber-stocker-fcz-meisterparty-muss-noch-warten,com,https://www.srf.ch/sport/fussball/super-league/basel-schlaegt-luzern-mit-3-0-spielverderber-stocker-fcz-meisterparty-muss-noch-warten,,
Hans-Jakob Ammann Denz (Johnny65),2022-04-24 17:22:13+00:00,"Wieso Demütigung? Jeder anerkennt, dass der FCZ in diesem Jahr verdient Meister wird, und wenn man in praktisch jedem zweiten Spiel Unentschieden spielt, ist man meistens nicht Erster am Schluss der Saison. Mit Demütigung hat das nichts zu tun. Demütigung war z.B. das 7:1 von YB gegen den FCB im 2018. Wenn‘s ein ähnliches Resultat gibt, geb‘ ich ihnen Recht…",https://www.srf.ch/sport/fussball/super-league/basel-schlaegt-luzern-mit-3-0-spielverderber-stocker-fcz-meisterparty-muss-noch-warten,com,https://www.srf.ch/sport/fussball/super-league/basel-schlaegt-luzern-mit-3-0-spielverderber-stocker-fcz-meisterparty-muss-noch-warten,,
Dieter Hansen (Dieter H.),2022-04-24 18:46:16+00:00,@Denz: Oder das 7:0 für den FCB in St. Gallen im 2016....,https://www.srf.ch/sport/fussball/super-league/basel-schlaegt-luzern-mit-3-0-spielverderber-stocker-fcz-meisterparty-muss-noch-warten,com,https://www.srf.ch/sport/fussball/super-league/basel-schlaegt-luzern-mit-3-0-spielverderber-stocker-fcz-meisterparty-muss-noch-warten,,
Rolf Epprecht (Rolf Epprecht),2022-04-24 19:20:41+00:00,"@schmidWenn der FCZ in Basel nicht gewinnt, werden Sie Herr Gisler auslachen?Warum auslachen Sie Prophet?Der FCZ muss nicht in Basel gewinnen, es gibt noch andere Möglichkeiten den ""Kübel"" nach Zürich zu holen...! ""NO PROBLEM"". Tatsache ist: Der FCZ wird Meister und nicht der FCB mit dem respektlosesten Fussballer in der CH-SL: ""V. Stocker...!"" Einfach nur traurig, was der FCB-Capitano heute gegen den FCL abgezogen hat!",https://www.srf.ch/sport/fussball/super-league/basel-schlaegt-luzern-mit-3-0-spielverderber-stocker-fcz-meisterparty-muss-noch-warten,com,https://www.srf.ch/sport/fussball/super-league/basel-schlaegt-luzern-mit-3-0-spielverderber-stocker-fcz-meisterparty-muss-noch-warten,,
Roland Meier (Cafopeto),2022-04-24 19:21:25+00:00,"Wieso soll das gut sein für Zürich? Ich würde mir wünsche, den Meistertitel vor eigenem Publikum im eigenen Stadion klarmachen zu können!",https://www.srf.ch/sport/fussball/super-league/basel-schlaegt-luzern-mit-3-0-spielverderber-stocker-fcz-meisterparty-muss-noch-warten,com,https://www.srf.ch/sport/fussball/super-league/basel-schlaegt-luzern-mit-3-0-spielverderber-stocker-fcz-meisterparty-muss-noch-warten,,
Daniel Zingg(danielzingg),2022-04-24 17:05:41+00:00,"Könnte Valentin Stocker noch etwas mehr Bescheidenheit sein Eigen nennen, wäre sein Auftreten unter Umständen noch sympathisch.",https://www.srf.ch/sport/fussball/super-league/basel-schlaegt-luzern-mit-3-0-spielverderber-stocker-fcz-meisterparty-muss-noch-warten,com,https://www.srf.ch/sport/fussball/super-league/basel-schlaegt-luzern-mit-3-0-spielverderber-stocker-fcz-meisterparty-muss-noch-warten,,
Thomas Rüegger (Thomas Rüegger),2022-04-24 17:46:03+00:00,Immerhin hat er nach seinem zweiten Tor nicht nochmals das Trikot ausgezogen. Wäre eventuell eine Premiere gewesen.,https://www.srf.ch/sport/fussball/super-league/basel-schlaegt-luzern-mit-3-0-spielverderber-stocker-fcz-meisterparty-muss-noch-warten,com,https://www.srf.ch/sport/fussball/super-league/basel-schlaegt-luzern-mit-3-0-spielverderber-stocker-fcz-meisterparty-muss-noch-warten,,
Dieter Hansen (Dieter H.),2022-04-24 18:44:26+00:00,"@Zingg: Typischer Kommentar eines Stocker-Haters. Ich glaube nicht, dass Stocker für sie sympathisch sein will.....",https://www.srf.ch/sport/fussball/super-league/basel-schlaegt-luzern-mit-3-0-spielverderber-stocker-fcz-meisterparty-muss-noch-warten,com,https://www.srf.ch/sport/fussball/super-league/basel-schlaegt-luzern-mit-3-0-spielverderber-stocker-fcz-meisterparty-muss-noch-warten,,
jean-claude albert heusser(jeani),2022-04-24 17:00:29+00:00,"Der FCB hat seine  Pflicht erfüllt und geliefert, auch Dank Effizients und einem überragenden Kinder im Tor!Wichtig ist auch Platz 2 gefestigt zu haben!",https://www.srf.ch/sport/fussball/super-league/basel-schlaegt-luzern-mit-3-0-spielverderber-stocker-fcz-meisterparty-muss-noch-warten,com,https://www.srf.ch/sport/fussball/super-league/basel-schlaegt-luzern-mit-3-0-spielverderber-stocker-fcz-meisterparty-muss-noch-warten,,
Andre Da Silva(DaSilva),2022-04-24 16:51:01+00:00,"Etwas schmeichelhafter Sieg für Basel, sehr bitterer Nachmittag für den FCL. Dass sich der FCB mehr erlauben kann als andere Teams ist unlängst bekannt, das heute war ein weiterer Beweis. Der Trikotzupfer von Stocker kann man noch so durchgehen lassen aber Tavares muss mit Gelb/Rot vom Platz.",https://www.srf.ch/sport/fussball/super-league/basel-schlaegt-luzern-mit-3-0-spielverderber-stocker-fcz-meisterparty-muss-noch-warten,com,https://www.srf.ch/sport/fussball/super-league/basel-schlaegt-luzern-mit-3-0-spielverderber-stocker-fcz-meisterparty-muss-noch-warten,,
Dieter Hansen (Dieter H.),2022-04-24 19:04:58+00:00,@Da Silva: Und darum wurde auch nach dem Foul an Esposito im Strafraum nicht auf Penalty entschieden. Basel Bonus halt.....,https://www.srf.ch/sport/fussball/super-league/basel-schlaegt-luzern-mit-3-0-spielverderber-stocker-fcz-meisterparty-muss-noch-warten,com,https://www.srf.ch/sport/fussball/super-league/basel-schlaegt-luzern-mit-3-0-spielverderber-stocker-fcz-meisterparty-muss-noch-warten,,
Andre Da Silva (DaSilva),2022-04-24 19:40:32+00:00,@Hansen also da muss man wirklich die tief Rot/Blaue-Brille tragen um das als Foul zu werten. Das war nichts anderes als eine billige Esposito-Schwalbe.,https://www.srf.ch/sport/fussball/super-league/basel-schlaegt-luzern-mit-3-0-spielverderber-stocker-fcz-meisterparty-muss-noch-warten,com,https://www.srf.ch/sport/fussball/super-league/basel-schlaegt-luzern-mit-3-0-spielverderber-stocker-fcz-meisterparty-muss-noch-warten,,
Dieter Hansen (Dieter H.),2022-04-24 20:15:10+00:00,"@Da Silva: Sogar der Kommentator (auf dessen Aussagen ich sowieso nicht viel Wert lege) hat eine Berührung festgestellt. Aber anscheinend war es nur eine 'leichte'. Dass sie keine sehen wollen, überrascht mich hingegen überhaupt nicht....",https://www.srf.ch/sport/fussball/super-league/basel-schlaegt-luzern-mit-3-0-spielverderber-stocker-fcz-meisterparty-muss-noch-warten,com,https://www.srf.ch/sport/fussball/super-league/basel-schlaegt-luzern-mit-3-0-spielverderber-stocker-fcz-meisterparty-muss-noch-warten,,
Anton Schindelholz (Anton Schindelholz),2022-04-24 20:33:47+00:00,Wichtig ist am Basler Sieg dass immer gewisse Leute ihren Täglichen  Frust ab lassen können.,https://www.srf.ch/sport/fussball/super-league/basel-schlaegt-luzern-mit-3-0-spielverderber-stocker-fcz-meisterparty-muss-noch-warten,com,https://www.srf.ch/sport/fussball/super-league/basel-schlaegt-luzern-mit-3-0-spielverderber-stocker-fcz-meisterparty-muss-noch-warten,,
Andre Da Silva (DaSilva),2022-04-24 21:36:26+00:00,"@Hansen Haha... wer sagt denn, dass ich keine sehen will. Sie haben natürlich recht, dass war ein richtig übler Tritt. Da erstaunt es wirklich nicht dass Espositos Beine danach aufgehört haben zu funktionieren. Wenn dieser ""Streichler"" ein Foul gewesen sein soll, dann müsste man bei Tavares ja von einer direkten Roten sprechen. Dass sie da einen Penalty fordern überrascht mich aber nicht. Übrigens hat es für ihren Geschmack nicht zu wenig FCB Bildli im Artikel....",https://www.srf.ch/sport/fussball/super-league/basel-schlaegt-luzern-mit-3-0-spielverderber-stocker-fcz-meisterparty-muss-noch-warten,com,https://www.srf.ch/sport/fussball/super-league/basel-schlaegt-luzern-mit-3-0-spielverderber-stocker-fcz-meisterparty-muss-noch-warten,,
Roland Moeri (Gascoigne),2022-04-25 07:40:05+00:00,@DaSilvaYou made my day:-),https://www.srf.ch/sport/fussball/super-league/basel-schlaegt-luzern-mit-3-0-spielverderber-stocker-fcz-meisterparty-muss-noch-warten,com,https://www.srf.ch/sport/fussball/super-league/basel-schlaegt-luzern-mit-3-0-spielverderber-stocker-fcz-meisterparty-muss-noch-warten,,
Samuel Nussbaumer(Bienäsämi),2022-04-24 09:57:30+00:00,"Hop,Hop, Hop Luzern!!",https://www.srf.ch/sport/fussball/super-league/basel-empfaengt-luzern-remis-koenige-wollen-nicht-wieder-ihrem-lieblingsresultat-froenen,com,https://www.srf.ch/sport/fussball/super-league/basel-empfaengt-luzern-remis-koenige-wollen-nicht-wieder-ihrem-lieblingsresultat-froenen,,
nan,2022-05-08 18:35:00+00:00,"Luzern gewinnt in der 33. SL-Runde gegen Servette zu Hause verdient, aber zu … Zehn Minuten vor dem Ende, als Luzern mit einem 2:0 im Rücken und einem …",https://www.srf.ch/sport/fussball/super-league/4-0-heimsieg-gegen-servette-luzern-mindestens-in-der-barrage-und-nur-noch-3-punkte-hinter-gc,sub,https://www.srf.ch/sport/fussball/super-league/4-0-heimsieg-gegen-servette-luzern-mindestens-in-der-barrage-und-nur-noch-3-punkte-hinter-gc,4:0-Heimsieg gegen Servette,Luzern mindestens in der Barrage und nur noch 3 Punkte hinter GC
nan,2022-05-01 18:40:00+00:00,"Der FC Luzern feiert im Kellerduell der 32. Runde der Super League gegen Laus … Der FC Luzern wahrt die Chancen, den Barrage-Platz in den letzten vier Runden …",https://www.srf.ch/sport/fussball/super-league/3-0-heimsieg-gegen-lausanne-luzern-feiert-wichtigen-erfolg-im-abstiegskampf,sub,https://www.srf.ch/sport/fussball/super-league/3-0-heimsieg-gegen-lausanne-luzern-feiert-wichtigen-erfolg-im-abstiegskampf,3:0-Heimsieg gegen Lausanne,Luzern feiert wichtigen Erfolg im Abstiegskampf
nan,2022-04-26 16:39:00+00:00,"… unsichere Stellen für Velofahrende in der Stadt Luzern. «Wenn Schülerinnen und Schüler vom Maihof … Eine richtige Velostadt sei Luzern nicht. Noch nicht, wenn es nach der Interessenorganisation geht …",https://www.srf.ch/news/abstimmungen-15-mai-2022/abstimmung-stadt-luzern-braucht-luzern-mehr-zusammenhaengende-velorouten,sub,https://www.srf.ch/news/abstimmungen-15-mai-2022/abstimmung-stadt-luzern-braucht-luzern-mehr-zusammenhaengende-velorouten,Abstimmung Stadt Luzern,Braucht Luzern mehr zusammenhängende Velorouten?
nan,2022-04-26 14:45:00+00:00,"Kriens-Luzern trennt sich per sofort und nicht wie im März angekündigt zum Saison … Schmid, seine Rückkehr zum HC Kriens-Luzern auf die Saison 2022/23 bekanntgegeben …",https://www.srf.ch/sport/mehr-sport/handball/mitten-in-den-playoffs-perkovac-bei-kriens-luzern-per-sofort-freigestellt,sub,https://www.srf.ch/sport/mehr-sport/handball/mitten-in-den-playoffs-perkovac-bei-kriens-luzern-per-sofort-freigestellt,Mitten in den Playoffs,Perkovac bei Kriens-Luzern per sofort freigestellt
nan,2022-04-24 18:37:00+00:00,Basel schlägt Luzern in der 31. Runde der Super League zuhause mit 3:0. Damit … Die Zürcher Meisterparty muss noch mindestens eine Woche warten. Weil Basel zuhause gegen Luzern …,https://www.srf.ch/sport/fussball/super-league/basel-schlaegt-luzern-mit-3-0-spielverderber-stocker-fcz-meisterparty-muss-noch-warten,sub,https://www.srf.ch/sport/fussball/super-league/basel-schlaegt-luzern-mit-3-0-spielverderber-stocker-fcz-meisterparty-muss-noch-warten,Basel schlägt Luzern mit 3:0,Spielverderber Stocker: FCZ-Meisterparty muss noch warten
nan,2022-04-24 09:48:00+00:00,"… zwar die Meisterfeier des FCZ vertagen. Doch Basel will mehr und Luzern braucht mehr. Am anderen Tabellenende muss auch bei Luzern ein Vollerfolg her, um vom Barrageplatz …",https://www.srf.ch/sport/fussball/super-league/basel-empfaengt-luzern-remis-koenige-wollen-nicht-wieder-ihrem-lieblingsresultat-froenen,sub,https://www.srf.ch/sport/fussball/super-league/basel-empfaengt-luzern-remis-koenige-wollen-nicht-wieder-ihrem-lieblingsresultat-froenen,Basel empfängt Luzern,Remis-Könige wollen nicht wieder ihrem Lieblingsresultat frönen
nan,2022-04-21 23:01:00+00:00,Der FC Lugano bodigt den FC Luzern im Cup-Halbfinal zuhause im Elf … Denn Celar war gegen Luzern einmal mehr in Torlaune. Bereits in den 4 Duellen …,https://www.srf.ch/sport/fussball/schweizer-cup/4-3-i-e-gegen-luzern-celar-pflueckt-lugano-den-cup-final-vom-tessiner-himmel,sub,https://www.srf.ch/sport/fussball/schweizer-cup/4-3-i-e-gegen-luzern-celar-pflueckt-lugano-den-cup-final-vom-tessiner-himmel,4:3 i.E. gegen Luzern,Celar pflückt Lugano den Cup-Final vom Tessiner Himmel
nan,2022-04-21 12:11:00+00:00,Beim FC Luzern ist einen Monat vor Saisonende noch alles möglich – vom Cupsieg … Das Cup-Halbfinalspiel zwischen Lugano und Luzern sehen Sie am Donnerstag …,https://www.srf.ch/sport/fussball/schweizer-cup/der-titelverteidiger-in-lugano-luzern-will-mit-schub-und-jokern-in-den-cupfinal-einziehen,sub,https://www.srf.ch/sport/fussball/schweizer-cup/der-titelverteidiger-in-lugano-luzern-will-mit-schub-und-jokern-in-den-cupfinal-einziehen,Der Titelverteidiger in Lugano,Luzern will mit Schub und Jokern in den Cupfinal einziehen
nan,2022-04-18 16:35:00+00:00,"Luzern fügt St. Gallen in der 30. Runde der Super League die erste Niederlage in … Es wäre ein schmeichelhafter Sieg für die Gäste gewesen, war doch Luzern ebenbürtig gewesen und …",https://www.srf.ch/sport/fussball/super-league/spaeter-3-2-heimsieg-weil-fricks-joker-stechen-luzern-beendet-st-gallens-hoehenflug,sub,https://www.srf.ch/sport/fussball/super-league/spaeter-3-2-heimsieg-weil-fricks-joker-stechen-luzern-beendet-st-gallens-hoehenflug,Später 3:2-Heimsieg,Weil Fricks Joker stechen: Luzern beendet St. Gallens Höhenflug
nan,2022-04-18 09:19:00+00:00,"… Bein stellen kann, dann wohl der FC Luzern. Vor heimischem Publikum feierten die Innerschweizer … sich für viele Fans erst drei Tage nach dem Duell mit Luzern am Ostermontag.",https://www.srf.ch/sport/fussball/super-league/fcsg-zu-gast-beim-angstgegner-stoppt-der-fc-luzern-die-st-galler-ungeschlagenheit,sub,https://www.srf.ch/sport/fussball/super-league/fcsg-zu-gast-beim-angstgegner-stoppt-der-fc-luzern-die-st-galler-ungeschlagenheit,FCSG zu Gast beim Angstgegner,Stoppt der FC Luzern die St. Galler Ungeschlagenheit?
nan,2022-04-09 22:44:00+00:00,GC und Luzern machen in der 29. Super-League-Runde keinen Sieger untere … Der Anschlusstreffer war hochverdient und diente als weitere Motivationsspritze für Luzern.,https://www.srf.ch/sport/fussball/super-league/und-doch-ist-niemand-happy-spektakel-im-letzigrund-gc-zittert-sich-gegen-luzern-zum-remis,sub,https://www.srf.ch/sport/fussball/super-league/und-doch-ist-niemand-happy-spektakel-im-letzigrund-gc-zittert-sich-gegen-luzern-zum-remis,Und doch ist niemand happy,Spektakel im Letzigrund: GC zittert sich gegen Luzern zum Remis
nan,2022-04-09 12:21:00+00:00,"Die Grasshoppers warten seit fast 2 Monaten auf einen Dreier. Holen Sie diesen gegen Luzern … Nein, Luzern ist nicht gerade der Lieblingsgegner der Grasshoppers. Der letzte GC-Sieg …",https://www.srf.ch/sport/fussball/super-league/luzern-zu-gast-im-letzigrund-ein-idealer-zeitpunkt-fuer-gc-endlich-3-punkte-zu-holen-nur,sub,https://www.srf.ch/sport/fussball/super-league/luzern-zu-gast-im-letzigrund-ein-idealer-zeitpunkt-fuer-gc-endlich-3-punkte-zu-holen-nur,Luzern zu Gast im Letzigrund,"Ein idealer Zeitpunkt für GC, endlich 3 Punkte zu holen, nur ..."
nan,2022-04-07 15:06:00+00:00,"Das Kunstmuseum Luzern zeigt ein Labyrinth aus Himmel und Hölle – mit merkwürdigen Mischwesen in … Sound versehen. Während sich im Kunstmuseum Luzern die Kompositionen überlagern, sieht man jeweils nur …",https://www.srf.ch/kultur/kunst/ausstellung-in-luzern-diese-knet-kreaturen-knoepfen-sich-unsere-abgruende-vor,sub,https://www.srf.ch/kultur/kunst/ausstellung-in-luzern-diese-knet-kreaturen-knoepfen-sich-unsere-abgruende-vor,Ausstellung in Luzern,Diese Knet-Kreaturen knöpfen sich unsere Abgründe vor
nan,2022-04-04 10:08:00+00:00,Intensive Tierhaltung ist schlecht fürs Klima. Der «Tierkanton» Luzern fördert deshalb die … Nicht ohne Grund gilt der Kanton Luzern als «Schweinekanton». Denn mit 420'000 Tieren …,https://www.srf.ch/news/schweiz/schweinekanton-luzern-soja-statt-saeue-luzerner-bauern-sollen-weg-von-der-tierhaltung,sub,https://www.srf.ch/news/schweiz/schweinekanton-luzern-soja-statt-saeue-luzerner-bauern-sollen-weg-von-der-tierhaltung,«Schweinekanton» Luzern,Soja statt Säue: Luzerner Bauern sollen weg von der Tierhaltung
nan,2022-04-03 16:28:00+00:00,Luzern und Lugano trennen sich in der 28. Runde der Super League 2:2 unentschieden … zwischen dem FC Lugano und dem FC Luzern. Am Sonntag trafen sich die beiden …,https://www.srf.ch/sport/fussball/super-league/28-runde-der-super-league-grosse-moral-luzern-kaempft-sich-gegen-lugano-zurueck,sub,https://www.srf.ch/sport/fussball/super-league/28-runde-der-super-league-grosse-moral-luzern-kaempft-sich-gegen-lugano-zurueck,28. Runde der Super League,Grosse Moral: Luzern kämpft sich gegen Lugano zurück
nan,2022-03-19 20:16:00+00:00,"… einen spektakulären 3:2-Erfolg über Luzern. Die Ostschweizer liegen nach einem Fehl … treiben konnte, dann war dies der FC Luzern. Denn auch wenn die Innerschweizer der …",https://www.srf.ch/sport/fussball/super-league/fcsg-weiter-team-der-stunde-vom-0-2-zum-3-2-st-gallen-dreht-verruecktes-spiel-gegen-luzern,sub,https://www.srf.ch/sport/fussball/super-league/fcsg-weiter-team-der-stunde-vom-0-2-zum-3-2-st-gallen-dreht-verruecktes-spiel-gegen-luzern,FCSG weiter «Team der Stunde»,Vom 0:2 zum 3:2: St. Gallen dreht verrücktes Spiel gegen Luzern
nan,2022-03-15 10:01:00+00:00,… 1967. Das Auto kam auf Umwegen nach Luzern: Frisch schenkte es dem Filmregisseur Volker …,https://www.srf.ch/kultur/literatur/endstation-verkehrshaus-wie-max-frischs-jaguar-in-luzern-landete,sub,https://www.srf.ch/kultur/literatur/endstation-verkehrshaus-wie-max-frischs-jaguar-in-luzern-landete,Endstation Verkehrshaus,Wie Max Frischs Jaguar in Luzern landete
nan,2022-03-15 09:37:00+00:00,Der FC Luzern muss mehrere Wochen auf seinen Angreifer Marko Kvasina verzichten. Der …,https://www.srf.ch/sport/fussball/super-league/news-aus-der-super-league-luzern-wochenlang-ohne-kvasina,sub,https://www.srf.ch/sport/fussball/super-league/news-aus-der-super-league-luzern-wochenlang-ohne-kvasina,News aus der Super League,Luzern wochenlang ohne Kvasina
nan,2022-03-13 18:26:00+00:00,"GC unterliegt Luzern in der 26. Runde der Super League auswärts mit 0:1 … Das Eigentor des Brasilianers blieb der einzige Treffer in einer Partie, die Luzern durch …",https://www.srf.ch/sport/fussball/super-league/eigentor-in-der-2-minute-luzern-feiert-wichtigen-sieg-gegen-schwaches-gc,sub,https://www.srf.ch/sport/fussball/super-league/eigentor-in-der-2-minute-luzern-feiert-wichtigen-sieg-gegen-schwaches-gc,Eigentor in der 2. Minute,Luzern feiert wichtigen Sieg gegen schwaches GC
nan,2022-03-13 12:02:00+00:00,"In Luzern spielen Musikerinnen und Musiker aus Russland, Belarus und der Ukraine zusammen, um … Eigentlich ist es ganz normal, dass an der Hochschule Musik in Luzern Studentinnen und Studenten …",https://www.srf.ch/news/schweiz/musikhochschule-luzern-mit-musik-gegen-den-krieg-anspielen,sub,https://www.srf.ch/news/schweiz/musikhochschule-luzern-mit-musik-gegen-den-krieg-anspielen,Musikhochschule Luzern,Mit Musik gegen den Krieg anspielen
nan,2022-03-05 20:01:00+00:00,Die Young Boys kommen in der 25. Super-League-Runde zuhause gegen Luzern … und kamen selbst kaum zu Chancen. Die Luzerner ihrerseits lange auch nicht zu zwingenden …,https://www.srf.ch/sport/fussball/super-league/2-2-im-wankdorf-luzerner-gewaltsschuss-bringt-yb-um-den-sieg,sub,https://www.srf.ch/sport/fussball/super-league/2-2-im-wankdorf-luzerner-gewaltsschuss-bringt-yb-um-den-sieg,Neue Zivilprozessordnung ,Luzerner Gewaltsschuss bringt YB um den Sieg
nan,2022-03-05 09:17:00+00:00,In der 25. Super-League-Runde gastiert Luzern im Berner Wankdorf. 3 … zuhause gegen den Tabellenvorletzten aus Luzern wettzumachen. 3 Fragen sind im Vorfeld …,https://www.srf.ch/sport/fussball/super-league/vorschau-yb-luzern-finden-die-young-boys-gegen-luzern-zum-selbstvertrauen-zurueck,sub,https://www.srf.ch/sport/fussball/super-league/vorschau-yb-luzern-finden-die-young-boys-gegen-luzern-zum-selbstvertrauen-zurueck,Das Neueste zum Coronavirus,Finden die Young Boys gegen Luzern zum Selbstvertrauen zurück?
nan,2022-03-02 22:25:00+00:00,"Der FC Zürich feiert in der 24. Runde der Super League auswärts gegen Luzern einen … Mal beim Vorletzten der Tabelle in Luzern, distanzieren die Stadtzürcher die Gegner im …",https://www.srf.ch/sport/fussball/super-league/2-0-sieg-in-luzern-der-fcz-marschiert-weiter-unaufhaltsam-richtung-titel,sub,https://www.srf.ch/sport/fussball/super-league/2-0-sieg-in-luzern-der-fcz-marschiert-weiter-unaufhaltsam-richtung-titel,Krieg in der Ukraine,Der FCZ marschiert weiter unaufhaltsam Richtung Titel
nan,2022-03-02 09:35:00+00:00,Die Lage des FC Luzern ist weiterhin bedrohlich. Zuletzt lief es den Innerschweizern … Am 21. Dezember stellte der FC Luzern Mario Frick als neuen Trainer vor. Der Liechtensteiner …,https://www.srf.ch/sport/fussball/super-league/fcl-fordert-leader-fcz-formstark-luzerner-aufwaertstrend-im-abstiegskampf,sub,https://www.srf.ch/sport/fussball/super-league/fcl-fordert-leader-fcz-formstark-luzerner-aufwaertstrend-im-abstiegskampf,Geschichte der Nato,Formstark: Luzerner Aufwärtstrend im Abstiegskampf
nan,2022-02-27 18:45:00+00:00,Luzern schlägt Lausanne in der 23. Runde der Super League auswärts mit 2:1 … und damit einen frühen Schock hinnehmen: Luzerns Mohamed Dräger nutzte die inexistente Störarbeit …,https://www.srf.ch/sport/fussball/super-league/chaoten-provozieren-unterbruch-luzerns-abubakar-markiert-im-kellerduell-den-chef,sub,https://www.srf.ch/sport/fussball/super-league/chaoten-provozieren-unterbruch-luzerns-abubakar-markiert-im-kellerduell-den-chef,Rede am «Tag des Sieges»,Luzerns Abubakar markiert im Kellerduell den Chef
nan,2022-02-23 15:03:00+00:00,Die Luzerner Fasnacht ist der erste Grossanlass seit den Corona-Lockerungen. Der Menschen … über dem Seebecken in der Stadt Luzern der Urknall. Es wird auf dem Kapell …,https://www.srf.ch/news/schweiz/grossanlass-luzerner-fasnacht-luzern-ruestet-sich-fuer-den-grossansturm-der-fasnaechtler,sub,https://www.srf.ch/news/schweiz/grossanlass-luzerner-fasnacht-luzern-ruestet-sich-fuer-den-grossansturm-der-fasnaechtler,Krieg in der Ukraine ,Luzern rüstet sich für den Grossansturm der Fasnächtler
